{"cameraMode":{"drawMode":0,"name":"Shaded","section":"Shading Mode"},"sceneLighting":false,"audioPlay":false,"sceneViewState":{"showFog":true,"showMaterialUpdate":false,"showSkybox":true,"showFlares":true,"showImageEffects":true,"showParticleSystems":true},"in2DMode":false,"pivot":{"x":89.77455139160156,"y":-3.620210647583008,"z":162.87667846679688},"rotation":{"x":0.24472878873348237,"y":-0.4213956594467163,"z":0.11921464651823044,"w":0.8650556802749634},"size":4.645010948181152,"orthographic":false}