{"cameraMode":{"drawMode":0,"name":"Shaded","section":"Shading Mode"},"sceneLighting":true,"audioPlay":false,"sceneViewState":{"showFog":true,"showMaterialUpdate":false,"showSkybox":true,"showFlares":true,"showImageEffects":true,"showParticleSystems":true},"in2DMode":false,"pivot":{"x":228.46499633789063,"y":-0.33971214294433596,"z":4.199029922485352},"rotation":{"x":-0.4905850291252136,"y":0.10098865628242493,"z":-0.057367365807294849,"w":-0.8636183738708496},"size":7.4032087326049809,"orthographic":false}