{"cameraMode":{"drawMode":0,"name":"Shaded","section":"Shading Mode"},"sceneLighting":false,"audioPlay":false,"sceneViewState":{"showFog":true,"showMaterialUpdate":false,"showSkybox":true,"showFlares":true,"showImageEffects":true,"showParticleSystems":true},"in2DMode":false,"pivot":{"x":140.2136688232422,"y":-0.6984941959381104,"z":145.67555236816407},"rotation":{"x":0.1751965880393982,"y":-0.0076253367587924,"z":0.001355640240944922,"w":0.9845030307769775},"size":11.940157890319825,"orthographic":false}