{"cameraMode":{"drawMode":0,"name":"Shaded","section":"Shading Mode"},"sceneLighting":false,"audioPlay":false,"sceneViewState":{"showFog":true,"showMaterialUpdate":false,"showSkybox":true,"showFlares":true,"showImageEffects":true,"showParticleSystems":true},"in2DMode":false,"pivot":{"x":-0.000015139579772949219,"y":2.384185791015625e-7,"z":126.89997863769531},"rotation":{"x":0.23964688181877137,"y":-0.520801305770874,"z":0.15513204038143159,"w":0.8045306205749512},"size":10.41150188446045,"orthographic":false}