{"cameraMode":{"drawMode":0,"name":"Shaded","section":"Shading Mode"},"sceneLighting":false,"audioPlay":false,"sceneViewState":{"showFog":true,"showMaterialUpdate":false,"showSkybox":true,"showFlares":true,"showImageEffects":true,"showParticleSystems":true},"in2DMode":false,"pivot":{"x":4.0,"y":-2.3299999237060549,"z":1.7999999523162842},"rotation":{"x":-0.35491785407066347,"y":0.028601115569472314,"z":-0.010863919742405415,"w":-0.9343967437744141},"size":4.455000400543213,"orthographic":false}